Name,Label
2016-03-26_00_07_0,0
2016-03-26_00_07_1,0
2016-03-26_00_07_2,0
2016-03-26_00_07_3,4
2016-03-26_00_07_4,9
2016-03-26_00_07_5,4
2016-03-26_00_07_6,0
2016-03-26_01_33_0,0
2016-03-26_01_33_1,0
2016-03-26_01_33_2,0
2016-03-26_01_33_3,4
2016-03-26_01_33_4,9
2016-03-26_01_33_5,6
2016-03-26_01_33_6,0
2016-03-26_01_39_0,0
2016-03-26_01_39_1,0
2016-03-26_01_39_2,0
2016-03-26_01_39_3,4
2016-03-26_01_39_4,9
2016-03-26_01_39_5,6
2016-03-26_01_39_6,0
2016-03-26_09_11_0,0
2016-03-26_09_11_1,0
2016-03-26_09_11_2,0
2016-03-26_09_11_3,4
2016-03-26_09_11_4,9
2016-03-26_09_11_5,7
2016-03-26_09_11_6,0
2016-03-27_00_10_0,0
2016-03-27_00_10_1,0
2016-03-27_00_10_2,0
2016-03-27_00_10_3,5
2016-03-27_00_10_4,0
2016-03-27_00_10_5,3
2016-03-27_00_10_6,0
2016-03-27_10_39_0,0
2016-03-27_10_39_1,0
2016-03-27_10_39_2,0
2016-03-27_10_39_3,5
2016-03-27_10_39_4,0
2016-03-27_10_39_5,7
2016-03-27_10_39_6,0
2016-03-27_17_05_0,0
2016-03-27_17_05_1,0
2016-03-27_17_05_2,0
2016-03-27_17_05_3,5
2016-03-27_17_05_4,1
2016-03-27_17_05_5,1
2016-03-27_17_05_6,0
2016-03-27_22_12_0,0
2016-03-27_22_12_1,0
2016-03-27_22_12_2,0
2016-03-27_22_12_3,5
2016-03-27_22_12_4,1
2016-03-27_22_12_5,3
2016-03-27_22_12_6,0
2016-03-28_08_56_0,0
2016-03-28_08_56_1,0
2016-03-28_08_56_2,0
2016-03-28_08_56_3,5
2016-03-28_08_56_4,2
2016-03-28_08_56_5,1
2016-03-28_08_56_6,0
2016-03-28_09_31_0,0
2016-03-28_09_31_1,0
2016-03-28_09_31_2,0
2016-03-28_09_31_3,5
2016-03-28_09_31_4,2
2016-03-28_09_31_5,1
2016-03-28_09_31_6,0
2016-03-28_12_00_0,0
2016-03-28_12_00_1,0
2016-03-28_12_00_2,0
2016-03-28_12_00_3,5
2016-03-28_12_00_4,2
2016-03-28_12_00_5,2
2016-03-28_12_00_6,0
2016-03-28_17_00_0,0
2016-03-28_17_00_1,0
2016-03-28_17_00_2,0
2016-03-28_17_00_3,5
2016-03-28_17_00_4,2
2016-03-28_17_00_5,3
2016-03-28_17_00_6,0
2016-03-28_21_00_0,0
2016-03-28_21_00_1,0
2016-03-28_21_00_2,0
2016-03-28_21_00_3,5
2016-03-28_21_00_4,2
2016-03-28_21_00_5,3
2016-03-28_21_00_6,0
2016-03-28_21_23_0,0
2016-03-28_21_23_1,0
2016-03-28_21_23_2,0
2016-03-28_21_23_3,5
2016-03-28_21_23_4,2
2016-03-28_21_23_5,4
2016-03-28_21_23_6,0
2016-03-28_21_25_0,0
2016-03-28_21_25_1,0
2016-03-28_21_25_2,0
2016-03-28_21_25_3,5
2016-03-28_21_25_4,2
2016-03-28_21_25_5,4
2016-03-28_21_25_6,0
2016-03-28_21_32_0,0
2016-03-28_21_32_1,0
2016-03-28_21_32_2,0
2016-03-28_21_32_3,5
2016-03-28_21_32_4,2
2016-03-28_21_32_5,4
2016-03-28_21_32_6,0
2016-03-28_22_23_0,0
2016-03-28_22_23_1,0
2016-03-28_22_23_2,0
2016-03-28_22_23_3,5
2016-03-28_22_23_4,2
2016-03-28_22_23_5,5
2016-03-28_22_23_6,0
2016-03-28_22_26_0,0
2016-03-28_22_26_1,0
2016-03-28_22_26_2,0
2016-03-28_22_26_3,5
2016-03-28_22_26_4,2
2016-03-28_22_26_5,5
2016-03-28_22_26_6,0
2016-03-29_00_00_0,0
2016-03-29_00_00_1,0
2016-03-29_00_00_2,0
2016-03-29_00_00_3,5
2016-03-29_00_00_4,2
2016-03-29_00_00_5,5
2016-03-29_00_00_6,0
2016-03-29_12_00_0,0
2016-03-29_12_00_1,0
2016-03-29_12_00_2,0
2016-03-29_12_00_3,5
2016-03-29_12_00_4,3
2016-03-29_12_00_5,1
2016-03-29_12_00_6,0
2016-03-29_17_19_0,0
2016-03-29_17_19_1,0
2016-03-29_17_19_2,0
2016-03-29_17_19_3,5
2016-03-29_17_19_4,3
2016-03-29_17_19_5,2
2016-03-29_17_19_6,0
2016-03-29_21_00_0,0
2016-03-29_21_00_1,0
2016-03-29_21_00_2,0
2016-03-29_21_00_3,5
2016-03-29_21_00_4,3
2016-03-29_21_00_5,2
2016-03-29_21_00_6,0
2016-03-30_00_00_0,0
2016-03-30_00_00_1,0
2016-03-30_00_00_2,0
2016-03-30_00_00_3,5
2016-03-30_00_00_4,3
2016-03-30_00_00_5,3
2016-03-30_00_00_6,0
2016-03-30_07_17_0,0
2016-03-30_07_17_1,0
2016-03-30_07_17_2,0
2016-03-30_07_17_3,5
2016-03-30_07_17_4,3
2016-03-30_07_17_5,3
2016-03-30_07_17_6,0
2016-03-30_07_26_0,0
2016-03-30_07_26_1,0
2016-03-30_07_26_2,0
2016-03-30_07_26_3,5
2016-03-30_07_26_4,3
2016-03-30_07_26_5,5
2016-03-30_07_26_6,0
2016-03-30_08_00_0,0
2016-03-30_08_00_1,0
2016-03-30_08_00_2,0
2016-03-30_08_00_3,5
2016-03-30_08_00_4,3
2016-03-30_08_00_5,6
2016-03-30_08_00_6,0
2016-03-30_12_00_0,0
2016-03-30_12_00_1,0
2016-03-30_12_00_2,0
2016-03-30_12_00_3,5
2016-03-30_12_00_4,3
2016-03-30_12_00_5,8
2016-03-30_12_00_6,0
2016-03-30_17_00_0,0
2016-03-30_17_00_1,0
2016-03-30_17_00_2,0
2016-03-30_17_00_3,5
2016-03-30_17_00_4,3
2016-03-30_17_00_5,9
2016-03-30_17_00_6,0
2016-03-30_21_00_0,0
2016-03-30_21_00_1,0
2016-03-30_21_00_2,0
2016-03-30_21_00_3,5
2016-03-30_21_00_4,4
2016-03-30_21_00_5,0
2016-03-30_21_00_6,0
2016-03-31_00_00_0,0
2016-03-31_00_00_1,0
2016-03-31_00_00_2,0
2016-03-31_00_00_3,5
2016-03-31_00_00_4,4
2016-03-31_00_00_5,2
2016-03-31_00_00_6,0
2016-03-31_09_59_0,0
2016-03-31_09_59_1,0
2016-03-31_09_59_2,0
2016-03-31_09_59_3,5
2016-03-31_09_59_4,4
2016-03-31_09_59_5,3
2016-03-31_09_59_6,0
2016-03-31_10_25_0,0
2016-03-31_10_25_1,0
2016-03-31_10_25_2,0
2016-03-31_10_25_3,5
2016-03-31_10_25_4,4
2016-03-31_10_25_5,5
2016-03-31_10_25_6,0
2016-03-31_17_00_0,0
2016-03-31_17_00_1,0
2016-03-31_17_00_2,0
2016-03-31_17_00_3,5
2016-03-31_17_00_4,5
2016-03-31_17_00_5,1
2016-03-31_17_00_6,0
2016-04-01_00_00_0,0
2016-04-01_00_00_1,0
2016-04-01_00_00_2,0
2016-04-01_00_00_3,5
2016-04-01_00_00_4,5
2016-04-01_00_00_5,3
2016-04-01_00_00_6,0
2016-04-01_10_32_0,0
2016-04-01_10_32_1,0
2016-04-01_10_32_2,0
2016-04-01_10_32_3,5
2016-04-01_10_32_4,5
2016-04-01_10_32_5,8
2016-04-01_10_32_6,0
2016-04-01_12_48_0,0
2016-04-01_12_48_1,0
2016-04-01_12_48_2,0
2016-04-01_12_48_3,5
2016-04-01_12_48_4,5
2016-04-01_12_48_5,8
2016-04-01_12_48_6,0
2016-04-01_17_29_0,0
2016-04-01_17_29_1,0
2016-04-01_17_29_2,0
2016-04-01_17_29_3,5
2016-04-01_17_29_4,5
2016-04-01_17_29_5,9
2016-04-01_17_29_6,0
2016-04-01_21_00_0,0
2016-04-01_21_00_1,0
2016-04-01_21_00_2,0
2016-04-01_21_00_3,5
2016-04-01_21_00_4,6
2016-04-01_21_00_5,2
2016-04-01_21_00_6,0
2016-04-02_00_00_0,0
2016-04-02_00_00_1,0
2016-04-02_00_00_2,0
2016-04-02_00_00_3,5
2016-04-02_00_00_4,6
2016-04-02_00_00_5,2
2016-04-02_00_00_6,0
2016-04-02_08_40_0,0
2016-04-02_08_40_1,0
2016-04-02_08_40_2,0
2016-04-02_08_40_3,5
2016-04-02_08_40_4,6
2016-04-02_08_40_5,4
2016-04-02_08_40_6,0
2016-04-02_13_50_0,0
2016-04-02_13_50_1,0
2016-04-02_13_50_2,0
2016-04-02_13_50_3,5
2016-04-02_13_50_4,6
2016-04-02_13_50_5,7
2016-04-02_13_50_6,0
2016-04-02_17_00_0,0
2016-04-02_17_00_1,0
2016-04-02_17_00_2,0
2016-04-02_17_00_3,5
2016-04-02_17_00_4,7
2016-04-02_17_00_5,0
2016-04-02_17_00_6,0
2016-04-02_21_00_0,0
2016-04-02_21_00_1,0
2016-04-02_21_00_2,0
2016-04-02_21_00_3,5
2016-04-02_21_00_4,7
2016-04-02_21_00_5,5
2016-04-02_21_00_6,0
2016-04-03_10_45_0,0
2016-04-03_10_45_1,0
2016-04-03_10_45_2,0
2016-04-03_10_45_3,5
2016-04-03_10_45_4,8
2016-04-03_10_45_5,3
2016-04-03_10_45_6,0
2016-04-03_12_00_0,0
2016-04-03_12_00_1,0
2016-04-03_12_00_2,0
2016-04-03_12_00_3,5
2016-04-03_12_00_4,8
2016-04-03_12_00_5,3
2016-04-03_12_00_6,0
2016-04-03_17_00_0,0
2016-04-03_17_00_1,0
2016-04-03_17_00_2,0
2016-04-03_17_00_3,5
2016-04-03_17_00_4,8
2016-04-03_17_00_5,4
2016-04-03_17_00_6,0
2016-04-03_21_00_0,0
2016-04-03_21_00_1,0
2016-04-03_21_00_2,0
2016-04-03_21_00_3,5
2016-04-03_21_00_4,8
2016-04-03_21_00_5,8
2016-04-03_21_00_6,0
2016-04-04_00_00_0,0
2016-04-04_00_00_1,0
2016-04-04_00_00_2,0
2016-04-04_00_00_3,5
2016-04-04_00_00_4,8
2016-04-04_00_00_5,9
2016-04-04_00_00_6,0
2016-04-04_08_00_0,0
2016-04-04_08_00_1,0
2016-04-04_08_00_2,0
2016-04-04_08_00_3,5
2016-04-04_08_00_4,9
2016-04-04_08_00_5,0
2016-04-04_08_00_6,0
2016-04-04_12_00_0,0
2016-04-04_12_00_1,0
2016-04-04_12_00_2,0
2016-04-04_12_00_3,5
2016-04-04_12_00_4,9
2016-04-04_12_00_5,4
2016-04-04_12_00_6,0
2016-04-04_15_30_0,0
2016-04-04_15_30_1,0
2016-04-04_15_30_2,0
2016-04-04_15_30_3,5
2016-04-04_15_30_4,9
2016-04-04_15_30_5,5
2016-04-04_15_30_6,0
2016-04-04_21_00_0,0
2016-04-04_21_00_1,0
2016-04-04_21_00_2,0
2016-04-04_21_00_3,5
2016-04-04_21_00_4,9
2016-04-04_21_00_5,6
2016-04-04_21_00_6,0
2016-04-05_00_00_0,0
2016-04-05_00_00_1,0
2016-04-05_00_00_2,0
2016-04-05_00_00_3,5
2016-04-05_00_00_4,9
2016-04-05_00_00_5,7
2016-04-05_00_00_6,0
2016-04-05_12_48_0,0
2016-04-05_12_48_1,0
2016-04-05_12_48_2,0
2016-04-05_12_48_3,6
2016-04-05_12_48_4,0
2016-04-05_12_48_5,3
2016-04-05_12_48_6,0
2016-04-05_22_33_0,0
2016-04-05_22_33_1,0
2016-04-05_22_33_2,0
2016-04-05_22_33_3,6
2016-04-05_22_33_4,0
2016-04-05_22_33_5,9
2016-04-05_22_33_6,0
2016-04-06_00_00_0,0
2016-04-06_00_00_1,0
2016-04-06_00_00_2,0
2016-04-06_00_00_3,6
2016-04-06_00_00_4,1
2016-04-06_00_00_5,1
2016-04-06_00_00_6,0
2016-04-06_10_03_0,0
2016-04-06_10_03_1,0
2016-04-06_10_03_2,0
2016-04-06_10_03_3,6
2016-04-06_10_03_4,1
2016-04-06_10_03_5,4
2016-04-06_10_03_6,0
2016-04-06_12_00_0,0
2016-04-06_12_00_1,0
2016-04-06_12_00_2,0
2016-04-06_12_00_3,6
2016-04-06_12_00_4,1
2016-04-06_12_00_5,5
2016-04-06_12_00_6,0
2016-04-06_17_00_0,0
2016-04-06_17_00_1,0
2016-04-06_17_00_2,0
2016-04-06_17_00_3,6
2016-04-06_17_00_4,1
2016-04-06_17_00_5,6
2016-04-06_17_00_6,0
2016-04-06_21_00_0,0
2016-04-06_21_00_1,0
2016-04-06_21_00_2,0
2016-04-06_21_00_3,6
2016-04-06_21_00_4,1
2016-04-06_21_00_5,6
2016-04-06_21_00_6,0
2016-04-07_00_00_0,0
2016-04-07_00_00_1,0
2016-04-07_00_00_2,0
2016-04-07_00_00_3,6
2016-04-07_00_00_4,1
2016-04-07_00_00_5,7
2016-04-07_00_00_6,0
2016-04-07_08_24_0,0
2016-04-07_08_24_1,0
2016-04-07_08_24_2,0
2016-04-07_08_24_3,6
2016-04-07_08_24_4,1
2016-04-07_08_24_5,7
2016-04-07_08_24_6,0
2016-04-07_12_00_0,0
2016-04-07_12_00_1,0
2016-04-07_12_00_2,0
2016-04-07_12_00_3,6
2016-04-07_12_00_4,2
2016-04-07_12_00_5,1
2016-04-07_12_00_6,0
2016-04-07_17_00_0,0
2016-04-07_17_00_1,0
2016-04-07_17_00_2,0
2016-04-07_17_00_3,6
2016-04-07_17_00_4,2
2016-04-07_17_00_5,2
2016-04-07_17_00_6,0
2016-04-07_21_00_0,0
2016-04-07_21_00_1,0
2016-04-07_21_00_2,0
2016-04-07_21_00_3,6
2016-04-07_21_00_4,2
2016-04-07_21_00_5,2
2016-04-07_21_00_6,0
2016-04-08_00_00_0,0
2016-04-08_00_00_1,0
2016-04-08_00_00_2,0
2016-04-08_00_00_3,6
2016-04-08_00_00_4,2
2016-04-08_00_00_5,2
2016-04-08_00_00_6,0
2016-04-08_08_00_0,0
2016-04-08_08_00_1,0
2016-04-08_08_00_2,0
2016-04-08_08_00_3,6
2016-04-08_08_00_4,2
2016-04-08_08_00_5,6
2016-04-08_08_00_6,0
2016-04-08_12_27_0,0
2016-04-08_12_27_1,0
2016-04-08_12_27_2,0
2016-04-08_12_27_3,6
2016-04-08_12_27_4,2
2016-04-08_12_27_5,7
2016-04-08_12_27_6,0
2016-04-08_17_00_0,0
2016-04-08_17_00_1,0
2016-04-08_17_00_2,0
2016-04-08_17_00_3,6
2016-04-08_17_00_4,3
2016-04-08_17_00_5,0
2016-04-08_17_00_6,0
2016-04-08_21_00_0,0
2016-04-08_21_00_1,0
2016-04-08_21_00_2,0
2016-04-08_21_00_3,6
2016-04-08_21_00_4,3
2016-04-08_21_00_5,1
2016-04-08_21_00_6,0
2016-04-09_00_00_0,0
2016-04-09_00_00_1,0
2016-04-09_00_00_2,0
2016-04-09_00_00_3,6
2016-04-09_00_00_4,3
2016-04-09_00_00_5,2
2016-04-09_00_00_6,0
2016-04-09_09_48_0,0
2016-04-09_09_48_1,0
2016-04-09_09_48_2,0
2016-04-09_09_48_3,6
2016-04-09_09_48_4,3
2016-04-09_09_48_5,3
2016-04-09_09_48_6,0
2016-04-09_12_00_0,0
2016-04-09_12_00_1,0
2016-04-09_12_00_2,0
2016-04-09_12_00_3,6
2016-04-09_12_00_4,3
2016-04-09_12_00_5,3
2016-04-09_12_00_6,0
2016-04-09_21_00_0,0
2016-04-09_21_00_1,0
2016-04-09_21_00_2,0
2016-04-09_21_00_3,6
2016-04-09_21_00_4,4
2016-04-09_21_00_5,0
2016-04-09_21_00_6,0
2016-04-10_00_01_0,0
2016-04-10_00_01_1,0
2016-04-10_00_01_2,0
2016-04-10_00_01_3,6
2016-04-10_00_01_4,4
2016-04-10_00_01_5,1
2016-04-10_00_01_6,0
2016-04-10_09_40_0,0
2016-04-10_09_40_1,0
2016-04-10_09_40_2,0
2016-04-10_09_40_3,6
2016-04-10_09_40_4,4
2016-04-10_09_40_5,2
2016-04-10_09_40_6,0
2016-04-10_13_28_0,0
2016-04-10_13_28_1,0
2016-04-10_13_28_2,0
2016-04-10_13_28_3,6
2016-04-10_13_28_4,4
2016-04-10_13_28_5,4
2016-04-10_13_28_6,0
2016-04-10_21_00_0,0
2016-04-10_21_00_1,0
2016-04-10_21_00_2,0
2016-04-10_21_00_3,6
2016-04-10_21_00_4,5
2016-04-10_21_00_5,7
2016-04-10_21_00_6,0
2016-04-11_00_00_0,0
2016-04-11_00_00_1,0
2016-04-11_00_00_2,0
2016-04-11_00_00_3,6
2016-04-11_00_00_4,5
2016-04-11_00_00_5,9
2016-04-11_00_00_6,0
2016-04-11_08_00_0,0
2016-04-11_08_00_1,0
2016-04-11_08_00_2,0
2016-04-11_08_00_3,6
2016-04-11_08_00_4,6
2016-04-11_08_00_5,1
2016-04-11_08_00_6,0
2016-04-11_12_00_0,0
2016-04-11_12_00_1,0
2016-04-11_12_00_2,0
2016-04-11_12_00_3,6
2016-04-11_12_00_4,6
2016-04-11_12_00_5,3
2016-04-11_12_00_6,0
2016-04-11_17_00_0,0
2016-04-11_17_00_1,0
2016-04-11_17_00_2,0
2016-04-11_17_00_3,6
2016-04-11_17_00_4,6
2016-04-11_17_00_5,4
2016-04-11_17_00_6,0
2016-04-11_22_00_0,0
2016-04-11_22_00_1,0
2016-04-11_22_00_2,0
2016-04-11_22_00_3,6
2016-04-11_22_00_4,6
2016-04-11_22_00_5,9
2016-04-11_22_00_6,0
2016-04-12_00_00_0,0
2016-04-12_00_00_1,0
2016-04-12_00_00_2,0
2016-04-12_00_00_3,6
2016-04-12_00_00_4,7
2016-04-12_00_00_5,0
2016-04-12_00_00_6,0
2016-04-12_00_45_0,0
2016-04-12_00_45_1,0
2016-04-12_00_45_2,0
2016-04-12_00_45_3,6
2016-04-12_00_45_4,7
2016-04-12_00_45_5,0
2016-04-12_00_45_6,0
2016-04-12_08_00_0,0
2016-04-12_08_00_1,0
2016-04-12_08_00_2,0
2016-04-12_08_00_3,6
2016-04-12_08_00_4,7
2016-04-12_08_00_5,1
2016-04-12_08_00_6,0
2016-04-12_17_00_0,0
2016-04-12_17_00_1,0
2016-04-12_17_00_2,0
2016-04-12_17_00_3,6
2016-04-12_17_00_4,7
2016-04-12_17_00_5,8
2016-04-12_17_00_6,0
2016-04-12_21_00_0,0
2016-04-12_21_00_1,0
2016-04-12_21_00_2,0
2016-04-12_21_00_3,6
2016-04-12_21_00_4,7
2016-04-12_21_00_5,9
2016-04-12_21_00_6,0
2016-04-13_00_00_0,0
2016-04-13_00_00_1,0
2016-04-13_00_00_2,0
2016-04-13_00_00_3,6
2016-04-13_00_00_4,8
2016-04-13_00_00_5,3
2016-04-13_00_00_6,0
2016-04-13_09_11_0,0
2016-04-13_09_11_1,0
2016-04-13_09_11_2,0
2016-04-13_09_11_3,6
2016-04-13_09_11_4,8
2016-04-13_09_11_5,5
2016-04-13_09_11_6,0
2016-04-13_12_00_0,0
2016-04-13_12_00_1,0
2016-04-13_12_00_2,0
2016-04-13_12_00_3,6
2016-04-13_12_00_4,8
2016-04-13_12_00_5,5
2016-04-13_12_00_6,0
2016-04-13_17_00_0,0
2016-04-13_17_00_1,0
2016-04-13_17_00_2,0
2016-04-13_17_00_3,6
2016-04-13_17_00_4,8
2016-04-13_17_00_5,8
2016-04-13_17_00_6,0
2016-04-13_21_00_0,0
2016-04-13_21_00_1,0
2016-04-13_21_00_2,0
2016-04-13_21_00_3,6
2016-04-13_21_00_4,8
2016-04-13_21_00_5,9
2016-04-13_21_00_6,0
2016-04-14_00_00_0,0
2016-04-14_00_00_1,0
2016-04-14_00_00_2,0
2016-04-14_00_00_3,6
2016-04-14_00_00_4,9
2016-04-14_00_00_5,0
2016-04-14_00_00_6,0
2016-04-14_08_00_0,0
2016-04-14_08_00_1,0
2016-04-14_08_00_2,0
2016-04-14_08_00_3,6
2016-04-14_08_00_4,9
2016-04-14_08_00_5,1
2016-04-14_08_00_6,0
2016-04-14_12_00_0,0
2016-04-14_12_00_1,0
2016-04-14_12_00_2,0
2016-04-14_12_00_3,6
2016-04-14_12_00_4,9
2016-04-14_12_00_5,4
2016-04-14_12_00_6,0
2016-04-14_17_00_0,0
2016-04-14_17_00_1,0
2016-04-14_17_00_2,0
2016-04-14_17_00_3,6
2016-04-14_17_00_4,9
2016-04-14_17_00_5,5
2016-04-14_17_00_6,0
2016-04-15_17_55_0,0
2016-04-15_17_55_1,0
2016-04-15_17_55_2,0
2016-04-15_17_55_3,6
2016-04-15_17_55_4,9
2016-04-15_17_55_5,8
2016-04-15_17_55_6,0
2016-04-15_21_00_0,0
2016-04-15_21_00_1,0
2016-04-15_21_00_2,0
2016-04-15_21_00_3,7
2016-04-15_21_00_4,0
2016-04-15_21_00_5,0
2016-04-15_21_00_6,0
2016-04-16_00_00_0,0
2016-04-16_00_00_1,0
2016-04-16_00_00_2,0
2016-04-16_00_00_3,7
2016-04-16_00_00_4,0
2016-04-16_00_00_5,2
2016-04-16_00_00_6,0
2016-04-16_08_53_0,0
2016-04-16_08_53_1,0
2016-04-16_08_53_2,0
2016-04-16_08_53_3,7
2016-04-16_08_53_4,0
2016-04-16_08_53_5,7
2016-04-16_08_53_6,0
2016-04-16_12_00_0,0
2016-04-16_12_00_1,0
2016-04-16_12_00_2,0
2016-04-16_12_00_3,7
2016-04-16_12_00_4,0
2016-04-16_12_00_5,7
2016-04-16_12_00_6,0
2016-04-16_17_49_0,0
2016-04-16_17_49_1,0
2016-04-16_17_49_2,0
2016-04-16_17_49_3,7
2016-04-16_17_49_4,1
2016-04-16_17_49_5,1
2016-04-16_17_49_6,0
2016-04-16_21_00_0,0
2016-04-16_21_00_1,0
2016-04-16_21_00_2,0
2016-04-16_21_00_3,7
2016-04-16_21_00_4,1
2016-04-16_21_00_5,2
2016-04-16_21_00_6,0
2016-04-17_00_00_0,0
2016-04-17_00_00_1,0
2016-04-17_00_00_2,0
2016-04-17_00_00_3,7
2016-04-17_00_00_4,1
2016-04-17_00_00_5,4
2016-04-17_00_00_6,0
2016-04-17_08_00_0,0
2016-04-17_08_00_1,0
2016-04-17_08_00_2,0
2016-04-17_08_00_3,7
2016-04-17_08_00_4,1
2016-04-17_08_00_5,4
2016-04-17_08_00_6,0
2016-04-17_12_00_0,0
2016-04-17_12_00_1,0
2016-04-17_12_00_2,0
2016-04-17_12_00_3,7
2016-04-17_12_00_4,2
2016-04-17_12_00_5,1
2016-04-17_12_00_6,0
2016-04-17_17_00_0,0
2016-04-17_17_00_1,0
2016-04-17_17_00_2,0
2016-04-17_17_00_3,7
2016-04-17_17_00_4,2
2016-04-17_17_00_5,3
2016-04-17_17_00_6,0
2016-04-17_21_00_0,0
2016-04-17_21_00_1,0
2016-04-17_21_00_2,0
2016-04-17_21_00_3,7
2016-04-17_21_00_4,2
2016-04-17_21_00_5,4
2016-04-17_21_00_6,0
2016-04-18_00_00_0,0
2016-04-18_00_00_1,0
2016-04-18_00_00_2,0
2016-04-18_00_00_3,7
2016-04-18_00_00_4,2
2016-04-18_00_00_5,4
2016-04-18_00_00_6,0
2016-04-18_08_00_0,0
2016-04-18_08_00_1,0
2016-04-18_08_00_2,0
2016-04-18_08_00_3,7
2016-04-18_08_00_4,2
2016-04-18_08_00_5,5
2016-04-18_08_00_6,0
2016-04-18_12_00_0,0
2016-04-18_12_00_1,0
2016-04-18_12_00_2,0
2016-04-18_12_00_3,7
2016-04-18_12_00_4,3
2016-04-18_12_00_5,2
2016-04-18_12_00_6,0
2016-04-18_17_00_0,0
2016-04-18_17_00_1,0
2016-04-18_17_00_2,0
2016-04-18_17_00_3,7
2016-04-18_17_00_4,3
2016-04-18_17_00_5,3
2016-04-18_17_00_6,0
2016-04-18_21_00_0,0
2016-04-18_21_00_1,0
2016-04-18_21_00_2,0
2016-04-18_21_00_3,7
2016-04-18_21_00_4,3
2016-04-18_21_00_5,3
2016-04-18_21_00_6,0
2016-04-19_00_00_0,0
2016-04-19_00_00_1,0
2016-04-19_00_00_2,0
2016-04-19_00_00_3,7
2016-04-19_00_00_4,3
2016-04-19_00_00_5,3
2016-04-19_00_00_6,0
2016-04-19_08_17_0,0
2016-04-19_08_17_1,0
2016-04-19_08_17_2,0
2016-04-19_08_17_3,7
2016-04-19_08_17_4,3
2016-04-19_08_17_5,4
2016-04-19_08_17_6,0
2016-04-19_12_00_0,0
2016-04-19_12_00_1,0
2016-04-19_12_00_2,0
2016-04-19_12_00_3,7
2016-04-19_12_00_4,3
2016-04-19_12_00_5,6
2016-04-19_12_00_6,0
2016-04-19_17_00_0,0
2016-04-19_17_00_1,0
2016-04-19_17_00_2,0
2016-04-19_17_00_3,7
2016-04-19_17_00_4,3
2016-04-19_17_00_5,8
2016-04-19_17_00_6,0
2016-04-19_21_00_0,0
2016-04-19_21_00_1,0
2016-04-19_21_00_2,0
2016-04-19_21_00_3,7
2016-04-19_21_00_4,3
2016-04-19_21_00_5,8
2016-04-19_21_00_6,0
2016-04-20_00_00_0,0
2016-04-20_00_00_1,0
2016-04-20_00_00_2,0
2016-04-20_00_00_3,7
2016-04-20_00_00_4,3
2016-04-20_00_00_5,9
2016-04-20_00_00_6,0
2016-04-20_08_00_0,0
2016-04-20_08_00_1,0
2016-04-20_08_00_2,0
2016-04-20_08_00_3,7
2016-04-20_08_00_4,4
2016-04-20_08_00_5,0
2016-04-20_08_00_6,0
2016-04-20_12_00_0,0
2016-04-20_12_00_1,0
2016-04-20_12_00_2,0
2016-04-20_12_00_3,7
2016-04-20_12_00_4,4
2016-04-20_12_00_5,0
2016-04-20_12_00_6,0
2016-04-20_17_00_0,0
2016-04-20_17_00_1,0
2016-04-20_17_00_2,0
2016-04-20_17_00_3,7
2016-04-20_17_00_4,4
2016-04-20_17_00_5,6
2016-04-20_17_00_6,0
2016-04-20_21_00_0,0
2016-04-20_21_00_1,0
2016-04-20_21_00_2,0
2016-04-20_21_00_3,7
2016-04-20_21_00_4,4
2016-04-20_21_00_5,6
2016-04-20_21_00_6,0
2016-04-21_00_00_0,0
2016-04-21_00_00_1,0
2016-04-21_00_00_2,0
2016-04-21_00_00_3,7
2016-04-21_00_00_4,4
2016-04-21_00_00_5,6
2016-04-21_00_00_6,0
2016-04-21_08_13_0,0
2016-04-21_08_13_1,0
2016-04-21_08_13_2,0
2016-04-21_08_13_3,7
2016-04-21_08_13_4,4
2016-04-21_08_13_5,7
2016-04-21_08_13_6,0
2016-04-21_13_06_0,0
2016-04-21_13_06_1,0
2016-04-21_13_06_2,0
2016-04-21_13_06_3,7
2016-04-21_13_06_4,5
2016-04-21_13_06_5,2
2016-04-21_13_06_6,0
2016-04-21_17_00_0,0
2016-04-21_17_00_1,0
2016-04-21_17_00_2,0
2016-04-21_17_00_3,7
2016-04-21_17_00_4,5
2016-04-21_17_00_5,3
2016-04-21_17_00_6,0
2016-04-21_21_00_0,0
2016-04-21_21_00_1,0
2016-04-21_21_00_2,0
2016-04-21_21_00_3,7
2016-04-21_21_00_4,5
2016-04-21_21_00_5,3
2016-04-21_21_00_6,0
2016-04-22_00_00_0,0
2016-04-22_00_00_1,0
2016-04-22_00_00_2,0
2016-04-22_00_00_3,7
2016-04-22_00_00_4,5
2016-04-22_00_00_5,4
2016-04-22_00_00_6,0
2016-04-22_09_39_0,0
2016-04-22_09_39_1,0
2016-04-22_09_39_2,0
2016-04-22_09_39_3,7
2016-04-22_09_39_4,5
2016-04-22_09_39_5,4
2016-04-22_09_39_6,0
2016-04-22_12_00_0,0
2016-04-22_12_00_1,0
2016-04-22_12_00_2,0
2016-04-22_12_00_3,7
2016-04-22_12_00_4,5
2016-04-22_12_00_5,6
2016-04-22_12_00_6,0
2016-04-22_17_00_0,0
2016-04-22_17_00_1,0
2016-04-22_17_00_2,0
2016-04-22_17_00_3,7
2016-04-22_17_00_4,5
2016-04-22_17_00_5,8
2016-04-22_17_00_6,0
2016-04-22_21_00_0,0
2016-04-22_21_00_1,0
2016-04-22_21_00_2,0
2016-04-22_21_00_3,7
2016-04-22_21_00_4,6
2016-04-22_21_00_5,3
2016-04-22_21_00_6,0
2016-04-23_00_00_0,0
2016-04-23_00_00_1,0
2016-04-23_00_00_2,0
2016-04-23_00_00_3,7
2016-04-23_00_00_4,6
2016-04-23_00_00_5,6
2016-04-23_00_00_6,0
2016-04-23_09_18_0,0
2016-04-23_09_18_1,0
2016-04-23_09_18_2,0
2016-04-23_09_18_3,7
2016-04-23_09_18_4,6
2016-04-23_09_18_5,7
2016-04-23_09_18_6,0
2016-04-23_12_00_0,0
2016-04-23_12_00_1,0
2016-04-23_12_00_2,0
2016-04-23_12_00_3,7
2016-04-23_12_00_4,7
2016-04-23_12_00_5,1
2016-04-23_12_00_6,0
2016-04-23_17_00_0,0
2016-04-23_17_00_1,0
2016-04-23_17_00_2,0
2016-04-23_17_00_3,7
2016-04-23_17_00_4,7
2016-04-23_17_00_5,4
2016-04-23_17_00_6,0
2016-04-23_21_00_0,0
2016-04-23_21_00_1,0
2016-04-23_21_00_2,0
2016-04-23_21_00_3,7
2016-04-23_21_00_4,7
2016-04-23_21_00_5,7
2016-04-23_21_00_6,0
2016-04-24_00_00_0,0
2016-04-24_00_00_1,0
2016-04-24_00_00_2,0
2016-04-24_00_00_3,7
2016-04-24_00_00_4,7
2016-04-24_00_00_5,9
2016-04-24_00_00_6,0
2016-04-24_12_00_0,0
2016-04-24_12_00_1,0
2016-04-24_12_00_2,0
2016-04-24_12_00_3,7
2016-04-24_12_00_4,8
2016-04-24_12_00_5,2
2016-04-24_12_00_6,0
2016-04-24_17_00_0,0
2016-04-24_17_00_1,0
2016-04-24_17_00_2,0
2016-04-24_17_00_3,7
2016-04-24_17_00_4,8
2016-04-24_17_00_5,4
2016-04-24_17_00_6,0
2016-04-25_10_58_0,0
2016-04-25_10_58_1,0
2016-04-25_10_58_2,0
2016-04-25_10_58_3,7
2016-04-25_10_58_4,9
2016-04-25_10_58_5,0
2016-04-25_10_58_6,0
2016-04-25_12_00_0,0
2016-04-25_12_00_1,0
2016-04-25_12_00_2,0
2016-04-25_12_00_3,7
2016-04-25_12_00_4,9
2016-04-25_12_00_5,6
2016-04-25_12_00_6,0
2016-04-25_17_00_0,0
2016-04-25_17_00_1,0
2016-04-25_17_00_2,0
2016-04-25_17_00_3,7
2016-04-25_17_00_4,9
2016-04-25_17_00_5,7
2016-04-25_17_00_6,0
2016-04-26_00_00_0,0
2016-04-26_00_00_1,0
2016-04-26_00_00_2,0
2016-04-26_00_00_3,8
2016-04-26_00_00_4,0
2016-04-26_00_00_5,0
2016-04-26_00_00_6,0
2016-04-26_11_14_0,0
2016-04-26_11_14_1,0
2016-04-26_11_14_2,0
2016-04-26_11_14_3,8
2016-04-26_11_14_4,0
2016-04-26_11_14_5,6
2016-04-26_11_14_6,0
2016-04-26_12_00_0,0
2016-04-26_12_00_1,0
2016-04-26_12_00_2,0
2016-04-26_12_00_3,8
2016-04-26_12_00_4,0
2016-04-26_12_00_5,6
2016-04-26_12_00_6,0
2016-04-26_17_00_0,0
2016-04-26_17_00_1,0
2016-04-26_17_00_2,0
2016-04-26_17_00_3,8
2016-04-26_17_00_4,0
2016-04-26_17_00_5,7
2016-04-26_17_00_6,0
2016-04-26_21_00_0,0
2016-04-26_21_00_1,0
2016-04-26_21_00_2,0
2016-04-26_21_00_3,8
2016-04-26_21_00_4,0
2016-04-26_21_00_5,8
2016-04-26_21_00_6,0
2016-04-27_00_00_0,0
2016-04-27_00_00_1,0
2016-04-27_00_00_2,0
2016-04-27_00_00_3,8
2016-04-27_00_00_4,1
2016-04-27_00_00_5,0
2016-04-27_00_00_6,0
2016-04-27_08_00_0,0
2016-04-27_08_00_1,0
2016-04-27_08_00_2,0
2016-04-27_08_00_3,8
2016-04-27_08_00_4,1
2016-04-27_08_00_5,1
2016-04-27_08_00_6,0
2016-04-27_12_00_0,0
2016-04-27_12_00_1,0
2016-04-27_12_00_2,0
2016-04-27_12_00_3,8
2016-04-27_12_00_4,1
2016-04-27_12_00_5,8
2016-04-27_12_00_6,0
2016-04-27_17_00_0,0
2016-04-27_17_00_1,0
2016-04-27_17_00_2,0
2016-04-27_17_00_3,8
2016-04-27_17_00_4,2
2016-04-27_17_00_5,2
2016-04-27_17_00_6,0
2016-04-27_21_00_0,0
2016-04-27_21_00_1,0
2016-04-27_21_00_2,0
2016-04-27_21_00_3,8
2016-04-27_21_00_4,2
2016-04-27_21_00_5,3
2016-04-27_21_00_6,0
2016-04-28_00_00_0,0
2016-04-28_00_00_1,0
2016-04-28_00_00_2,0
2016-04-28_00_00_3,8
2016-04-28_00_00_4,2
2016-04-28_00_00_5,8
2016-04-28_00_00_6,0
2016-04-28_08_00_0,0
2016-04-28_08_00_1,0
2016-04-28_08_00_2,0
2016-04-28_08_00_3,8
2016-04-28_08_00_4,2
2016-04-28_08_00_5,8
2016-04-28_08_00_6,0
2016-04-28_12_00_0,0
2016-04-28_12_00_1,0
2016-04-28_12_00_2,0
2016-04-28_12_00_3,8
2016-04-28_12_00_4,3
2016-04-28_12_00_5,1
2016-04-28_12_00_6,0
2016-04-28_17_00_0,0
2016-04-28_17_00_1,0
2016-04-28_17_00_2,0
2016-04-28_17_00_3,8
2016-04-28_17_00_4,3
2016-04-28_17_00_5,3
2016-04-28_17_00_6,0
2016-04-28_21_00_0,0
2016-04-28_21_00_1,0
2016-04-28_21_00_2,0
2016-04-28_21_00_3,8
2016-04-28_21_00_4,3
2016-04-28_21_00_5,4
2016-04-28_21_00_6,0
2016-04-29_00_00_0,0
2016-04-29_00_00_1,0
2016-04-29_00_00_2,0
2016-04-29_00_00_3,8
2016-04-29_00_00_4,3
2016-04-29_00_00_5,5
2016-04-29_00_00_6,0
2016-04-29_08_00_0,0
2016-04-29_08_00_1,0
2016-04-29_08_00_2,0
2016-04-29_08_00_3,8
2016-04-29_08_00_4,3
2016-04-29_08_00_5,5
2016-04-29_08_00_6,0
2016-04-29_12_00_0,0
2016-04-29_12_00_1,0
2016-04-29_12_00_2,0
2016-04-29_12_00_3,8
2016-04-29_12_00_4,3
2016-04-29_12_00_5,8
2016-04-29_12_00_6,0
2016-04-29_17_00_0,0
2016-04-29_17_00_1,0
2016-04-29_17_00_2,0
2016-04-29_17_00_3,8
2016-04-29_17_00_4,3
2016-04-29_17_00_5,8
2016-04-29_17_00_6,0
2016-04-29_21_00_0,0
2016-04-29_21_00_1,0
2016-04-29_21_00_2,0
2016-04-29_21_00_3,8
2016-04-29_21_00_4,3
2016-04-29_21_00_5,9
2016-04-29_21_00_6,0
2016-04-30_00_00_0,0
2016-04-30_00_00_1,0
2016-04-30_00_00_2,0
2016-04-30_00_00_3,8
2016-04-30_00_00_4,4
2016-04-30_00_00_5,0
2016-04-30_00_00_6,0
2016-04-30_08_00_0,0
2016-04-30_08_00_1,0
2016-04-30_08_00_2,0
2016-04-30_08_00_3,8
2016-04-30_08_00_4,4
2016-04-30_08_00_5,0
2016-04-30_08_00_6,0
2016-04-30_12_00_0,0
2016-04-30_12_00_1,0
2016-04-30_12_00_2,0
2016-04-30_12_00_3,8
2016-04-30_12_00_4,4
2016-04-30_12_00_5,2
2016-04-30_12_00_6,0
2016-04-30_17_09_0,0
2016-04-30_17_09_1,0
2016-04-30_17_09_2,0
2016-04-30_17_09_3,8
2016-04-30_17_09_4,4
2016-04-30_17_09_5,4
2016-04-30_17_09_6,0
2016-05-01_09_53_0,0
2016-05-01_09_53_1,0
2016-05-01_09_53_2,0
2016-05-01_09_53_3,8
2016-05-01_09_53_4,5
2016-05-01_09_53_5,6
2016-05-01_09_53_6,0
2016-05-01_12_00_0,0
2016-05-01_12_00_1,0
2016-05-01_12_00_2,0
2016-05-01_12_00_3,8
2016-05-01_12_00_4,5
2016-05-01_12_00_5,7
2016-05-01_12_00_6,0
2016-05-01_18_41_0,0
2016-05-01_18_41_1,0
2016-05-01_18_41_2,0
2016-05-01_18_41_3,8
2016-05-01_18_41_4,6
2016-05-01_18_41_5,1
2016-05-01_18_41_6,0
2016-05-01_21_00_0,0
2016-05-01_21_00_1,0
2016-05-01_21_00_2,0
2016-05-01_21_00_3,8
2016-05-01_21_00_4,6
2016-05-01_21_00_5,2
2016-05-01_21_00_6,0
2016-05-02_16_23_0,0
2016-05-02_16_23_1,0
2016-05-02_16_23_2,0
2016-05-02_16_23_3,8
2016-05-02_16_23_4,7
2016-05-02_16_23_5,4
2016-05-02_16_23_6,0
2016-05-02_17_00_0,0
2016-05-02_17_00_1,0
2016-05-02_17_00_2,0
2016-05-02_17_00_3,8
2016-05-02_17_00_4,7
2016-05-02_17_00_5,4
2016-05-02_17_00_6,0
2016-05-02_21_00_0,0
2016-05-02_21_00_1,0
2016-05-02_21_00_2,0
2016-05-02_21_00_3,8
2016-05-02_21_00_4,7
2016-05-02_21_00_5,4
2016-05-02_21_00_6,0
2016-05-03_00_00_0,0
2016-05-03_00_00_1,0
2016-05-03_00_00_2,0
2016-05-03_00_00_3,8
2016-05-03_00_00_4,7
2016-05-03_00_00_5,6
2016-05-03_00_00_6,0
2016-05-03_12_00_0,0
2016-05-03_12_00_1,0
2016-05-03_12_00_2,0
2016-05-03_12_00_3,8
2016-05-03_12_00_4,8
2016-05-03_12_00_5,1
2016-05-03_12_00_6,0
2016-05-03_17_00_0,0
2016-05-03_17_00_1,0
2016-05-03_17_00_2,0
2016-05-03_17_00_3,8
2016-05-03_17_00_4,8
2016-05-03_17_00_5,2
2016-05-03_17_00_6,0
2016-05-03_21_00_0,0
2016-05-03_21_00_1,0
2016-05-03_21_00_2,0
2016-05-03_21_00_3,8
2016-05-03_21_00_4,8
2016-05-03_21_00_5,3
2016-05-03_21_00_6,0
2016-05-04_00_00_0,0
2016-05-04_00_00_1,0
2016-05-04_00_00_2,0
2016-05-04_00_00_3,8
2016-05-04_00_00_4,8
2016-05-04_00_00_5,5
2016-05-04_00_00_6,0
2016-05-04_08_00_0,0
2016-05-04_08_00_1,0
2016-05-04_08_00_2,0
2016-05-04_08_00_3,8
2016-05-04_08_00_4,8
2016-05-04_08_00_5,8
2016-05-04_08_00_6,0
2016-05-04_12_00_0,0
2016-05-04_12_00_1,0
2016-05-04_12_00_2,0
2016-05-04_12_00_3,8
2016-05-04_12_00_4,9
2016-05-04_12_00_5,2
2016-05-04_12_00_6,0
2016-05-04_17_00_0,0
2016-05-04_17_00_1,0
2016-05-04_17_00_2,0
2016-05-04_17_00_3,8
2016-05-04_17_00_4,9
2016-05-04_17_00_5,3
2016-05-04_17_00_6,0
2016-05-04_21_03_0,0
2016-05-04_21_03_1,0
2016-05-04_21_03_2,0
2016-05-04_21_03_3,8
2016-05-04_21_03_4,9
2016-05-04_21_03_5,6
2016-05-04_21_03_6,0
2016-05-05_00_00_0,0
2016-05-05_00_00_1,0
2016-05-05_00_00_2,0
2016-05-05_00_00_3,9
2016-05-05_00_00_4,0
2016-05-05_00_00_5,0
2016-05-05_00_00_6,0
2016-05-05_08_00_0,0
2016-05-05_08_00_1,0
2016-05-05_08_00_2,0
2016-05-05_08_00_3,9
2016-05-05_08_00_4,0
2016-05-05_08_00_5,1
2016-05-05_08_00_6,0
2016-05-05_12_00_0,0
2016-05-05_12_00_1,0
2016-05-05_12_00_2,0
2016-05-05_12_00_3,9
2016-05-05_12_00_4,0
2016-05-05_12_00_5,3
2016-05-05_12_00_6,0
2016-05-05_17_00_0,0
2016-05-05_17_00_1,0
2016-05-05_17_00_2,0
2016-05-05_17_00_3,9
2016-05-05_17_00_4,0
2016-05-05_17_00_5,6
2016-05-05_17_00_6,0
2016-05-05_21_00_0,0
2016-05-05_21_00_1,0
2016-05-05_21_00_2,0
2016-05-05_21_00_3,9
2016-05-05_21_00_4,0
2016-05-05_21_00_5,6
2016-05-05_21_00_6,0
2016-05-06_00_00_0,0
2016-05-06_00_00_1,0
2016-05-06_00_00_2,0
2016-05-06_00_00_3,9
2016-05-06_00_00_4,1
2016-05-06_00_00_5,2
2016-05-06_00_00_6,0
2016-05-06_08_00_0,0
2016-05-06_08_00_1,0
2016-05-06_08_00_2,0
2016-05-06_08_00_3,9
2016-05-06_08_00_4,1
2016-05-06_08_00_5,2
2016-05-06_08_00_6,0
2016-05-06_12_00_0,0
2016-05-06_12_00_1,0
2016-05-06_12_00_2,0
2016-05-06_12_00_3,9
2016-05-06_12_00_4,1
2016-05-06_12_00_5,3
2016-05-06_12_00_6,0
2016-05-06_17_00_0,0
2016-05-06_17_00_1,0
2016-05-06_17_00_2,0
2016-05-06_17_00_3,9
2016-05-06_17_00_4,1
2016-05-06_17_00_5,8
2016-05-06_17_00_6,0
2016-05-06_21_00_0,0
2016-05-06_21_00_1,0
2016-05-06_21_00_2,0
2016-05-06_21_00_3,9
2016-05-06_21_00_4,1
2016-05-06_21_00_5,8
2016-05-06_21_00_6,0
2016-05-07_00_00_0,0
2016-05-07_00_00_1,0
2016-05-07_00_00_2,0
2016-05-07_00_00_3,9
2016-05-07_00_00_4,1
2016-05-07_00_00_5,9
2016-05-07_00_00_6,0
2016-05-07_08_00_0,0
2016-05-07_08_00_1,0
2016-05-07_08_00_2,0
2016-05-07_08_00_3,9
2016-05-07_08_00_4,1
2016-05-07_08_00_5,9
2016-05-07_08_00_6,0
2016-05-07_12_00_0,0
2016-05-07_12_00_1,0
2016-05-07_12_00_2,0
2016-05-07_12_00_3,9
2016-05-07_12_00_4,2
2016-05-07_12_00_5,2
2016-05-07_12_00_6,0
2016-05-07_17_00_0,0
2016-05-07_17_00_1,0
2016-05-07_17_00_2,0
2016-05-07_17_00_3,9
2016-05-07_17_00_4,2
2016-05-07_17_00_5,6
2016-05-07_17_00_6,0
2016-05-07_21_00_0,0
2016-05-07_21_00_1,0
2016-05-07_21_00_2,0
2016-05-07_21_00_3,9
2016-05-07_21_00_4,2
2016-05-07_21_00_5,8
2016-05-07_21_00_6,0
2016-05-08_08_00_0,0
2016-05-08_08_00_1,0
2016-05-08_08_00_2,0
2016-05-08_08_00_3,9
2016-05-08_08_00_4,3
2016-05-08_08_00_5,2
2016-05-08_08_00_6,0
2016-05-08_12_00_0,0
2016-05-08_12_00_1,0
2016-05-08_12_00_2,0
2016-05-08_12_00_3,9
2016-05-08_12_00_4,3
2016-05-08_12_00_5,3
2016-05-08_12_00_6,0
2016-05-08_17_00_0,0
2016-05-08_17_00_1,0
2016-05-08_17_00_2,0
2016-05-08_17_00_3,9
2016-05-08_17_00_4,4
2016-05-08_17_00_5,0
2016-05-08_17_00_6,0
2016-05-08_21_00_0,0
2016-05-08_21_00_1,0
2016-05-08_21_00_2,0
2016-05-08_21_00_3,9
2016-05-08_21_00_4,4
2016-05-08_21_00_5,0
2016-05-08_21_00_6,0
2016-05-09_00_00_0,0
2016-05-09_00_00_1,0
2016-05-09_00_00_2,0
2016-05-09_00_00_3,9
2016-05-09_00_00_4,4
2016-05-09_00_00_5,7
2016-05-09_00_00_6,0
2016-05-09_12_00_0,0
2016-05-09_12_00_1,0
2016-05-09_12_00_2,0
2016-05-09_12_00_3,9
2016-05-09_12_00_4,5
2016-05-09_12_00_5,0
2016-05-09_12_00_6,0
2016-05-09_17_00_0,0
2016-05-09_17_00_1,0
2016-05-09_17_00_2,0
2016-05-09_17_00_3,9
2016-05-09_17_00_4,5
2016-05-09_17_00_5,1
2016-05-09_17_00_6,0
2016-05-09_21_00_0,0
2016-05-09_21_00_1,0
2016-05-09_21_00_2,0
2016-05-09_21_00_3,9
2016-05-09_21_00_4,5
2016-05-09_21_00_5,2
2016-05-09_21_00_6,0
2016-05-10_08_00_0,0
2016-05-10_08_00_1,0
2016-05-10_08_00_2,0
2016-05-10_08_00_3,9
2016-05-10_08_00_4,5
2016-05-10_08_00_5,9
2016-05-10_08_00_6,0
2016-05-10_12_00_0,0
2016-05-10_12_00_1,0
2016-05-10_12_00_2,0
2016-05-10_12_00_3,9
2016-05-10_12_00_4,6
2016-05-10_12_00_5,0
2016-05-10_12_00_6,0
2016-05-10_17_00_0,0
2016-05-10_17_00_1,0
2016-05-10_17_00_2,0
2016-05-10_17_00_3,9
2016-05-10_17_00_4,6
2016-05-10_17_00_5,1
2016-05-10_17_00_6,0
2016-05-10_21_00_0,0
2016-05-10_21_00_1,0
2016-05-10_21_00_2,0
2016-05-10_21_00_3,9
2016-05-10_21_00_4,6
2016-05-10_21_00_5,2
2016-05-10_21_00_6,0
2016-05-11_00_00_0,0
2016-05-11_00_00_1,0
2016-05-11_00_00_2,0
2016-05-11_00_00_3,9
2016-05-11_00_00_4,6
2016-05-11_00_00_5,3
2016-05-11_00_00_6,0
2016-05-11_08_00_0,0
2016-05-11_08_00_1,0
2016-05-11_08_00_2,0
2016-05-11_08_00_3,9
2016-05-11_08_00_4,6
2016-05-11_08_00_5,3
2016-05-11_08_00_6,0
2016-05-11_12_00_0,0
2016-05-11_12_00_1,0
2016-05-11_12_00_2,0
2016-05-11_12_00_3,9
2016-05-11_12_00_4,6
2016-05-11_12_00_5,6
2016-05-11_12_00_6,0
2016-05-11_17_00_0,0
2016-05-11_17_00_1,0
2016-05-11_17_00_2,0
2016-05-11_17_00_3,9
2016-05-11_17_00_4,6
2016-05-11_17_00_5,8
2016-05-11_17_00_6,0
2016-05-11_21_00_0,0
2016-05-11_21_00_1,0
2016-05-11_21_00_2,0
2016-05-11_21_00_3,9
2016-05-11_21_00_4,6
2016-05-11_21_00_5,9
2016-05-11_21_00_6,0
2016-05-12_08_00_0,0
2016-05-12_08_00_1,0
2016-05-12_08_00_2,0
2016-05-12_08_00_3,9
2016-05-12_08_00_4,7
2016-05-12_08_00_5,0
2016-05-12_08_00_6,0
2016-05-12_12_00_0,0
2016-05-12_12_00_1,0
2016-05-12_12_00_2,0
2016-05-12_12_00_3,9
2016-05-12_12_00_4,7
2016-05-12_12_00_5,1
2016-05-12_12_00_6,0
2016-05-12_17_00_0,0
2016-05-12_17_00_1,0
2016-05-12_17_00_2,0
2016-05-12_17_00_3,9
2016-05-12_17_00_4,7
2016-05-12_17_00_5,4
2016-05-12_17_00_6,0
2016-05-12_21_00_0,0
2016-05-12_21_00_1,0
2016-05-12_21_00_2,0
2016-05-12_21_00_3,9
2016-05-12_21_00_4,7
2016-05-12_21_00_5,6
2016-05-12_21_00_6,0
2016-05-13_00_00_0,0
2016-05-13_00_00_1,0
2016-05-13_00_00_2,0
2016-05-13_00_00_3,9
2016-05-13_00_00_4,7
2016-05-13_00_00_5,6
2016-05-13_00_00_6,0
2016-05-13_08_29_0,0
2016-05-13_08_29_1,0
2016-05-13_08_29_2,0
2016-05-13_08_29_3,9
2016-05-13_08_29_4,7
2016-05-13_08_29_5,7
2016-05-13_08_29_6,0
2016-05-13_12_00_0,0
2016-05-13_12_00_1,0
2016-05-13_12_00_2,0
2016-05-13_12_00_3,9
2016-05-13_12_00_4,8
2016-05-13_12_00_5,0
2016-05-13_12_00_6,0
2016-05-13_17_00_0,0
2016-05-13_17_00_1,0
2016-05-13_17_00_2,0
2016-05-13_17_00_3,9
2016-05-13_17_00_4,8
2016-05-13_17_00_5,3
2016-05-13_17_00_6,0
2016-05-13_21_00_0,0
2016-05-13_21_00_1,0
2016-05-13_21_00_2,0
2016-05-13_21_00_3,9
2016-05-13_21_00_4,8
2016-05-13_21_00_5,4
2016-05-13_21_00_6,0
2016-05-14_00_00_0,0
2016-05-14_00_00_1,0
2016-05-14_00_00_2,0
2016-05-14_00_00_3,9
2016-05-14_00_00_4,8
2016-05-14_00_00_5,4
2016-05-14_00_00_6,0
2016-05-14_15_01_0,0
2016-05-14_15_01_1,0
2016-05-14_15_01_2,0
2016-05-14_15_01_3,9
2016-05-14_15_01_4,8
2016-05-14_15_01_5,9
2016-05-14_15_01_6,0
2016-05-14_17_00_0,0
2016-05-14_17_00_1,0
2016-05-14_17_00_2,0
2016-05-14_17_00_3,9
2016-05-14_17_00_4,9
2016-05-14_17_00_5,7
2016-05-14_17_00_6,0
2016-05-14_21_00_0,0
2016-05-14_21_00_1,0
2016-05-14_21_00_2,0
2016-05-14_21_00_3,9
2016-05-14_21_00_4,9
2016-05-14_21_00_5,7
2016-05-14_21_00_6,0
2016-05-15_00_00_0,0
2016-05-15_00_00_1,0
2016-05-15_00_00_2,1
2016-05-15_00_00_3,0
2016-05-15_00_00_4,0
2016-05-15_00_00_5,1
2016-05-15_00_00_6,0
2016-05-15_10_58_0,0
2016-05-15_10_58_1,0
2016-05-15_10_58_2,1
2016-05-15_10_58_3,0
2016-05-15_10_58_4,0
2016-05-15_10_58_5,3
2016-05-15_10_58_6,0
2016-05-15_14_27_0,0
2016-05-15_14_27_1,0
2016-05-15_14_27_2,1
2016-05-15_14_27_3,0
2016-05-15_14_27_4,0
2016-05-15_14_27_5,3
2016-05-15_14_27_6,0
2016-05-15_17_00_0,0
2016-05-15_17_00_1,0
2016-05-15_17_00_2,1
2016-05-15_17_00_3,0
2016-05-15_17_00_4,0
2016-05-15_17_00_5,5
2016-05-15_17_00_6,0
2016-05-16_09_54_0,0
2016-05-16_09_54_1,0
2016-05-16_09_54_2,1
2016-05-16_09_54_3,0
2016-05-16_09_54_4,1
2016-05-16_09_54_5,6
2016-05-16_09_54_6,0
2016-05-16_12_00_0,0
2016-05-16_12_00_1,0
2016-05-16_12_00_2,1
2016-05-16_12_00_3,0
2016-05-16_12_00_4,1
2016-05-16_12_00_5,7
2016-05-16_12_00_6,0
2016-05-16_17_00_0,0
2016-05-16_17_00_1,0
2016-05-16_17_00_2,1
2016-05-16_17_00_3,0
2016-05-16_17_00_4,1
2016-05-16_17_00_5,9
2016-05-16_17_00_6,0
2016-05-16_21_00_0,0
2016-05-16_21_00_1,0
2016-05-16_21_00_2,1
2016-05-16_21_00_3,0
2016-05-16_21_00_4,2
2016-05-16_21_00_5,2
2016-05-16_21_00_6,0
2016-05-17_00_00_0,0
2016-05-17_00_00_1,0
2016-05-17_00_00_2,1
2016-05-17_00_00_3,0
2016-05-17_00_00_4,2
2016-05-17_00_00_5,6
2016-05-17_00_00_6,0
2016-05-17_12_00_0,0
2016-05-17_12_00_1,0
2016-05-17_12_00_2,1
2016-05-17_12_00_3,0
2016-05-17_12_00_4,3
2016-05-17_12_00_5,0
2016-05-17_12_00_6,0
2016-05-17_17_00_0,0
2016-05-17_17_00_1,0
2016-05-17_17_00_2,1
2016-05-17_17_00_3,0
2016-05-17_17_00_4,3
2016-05-17_17_00_5,2
2016-05-17_17_00_6,0
2016-05-18_00_00_0,0
2016-05-18_00_00_1,0
2016-05-18_00_00_2,1
2016-05-18_00_00_3,0
2016-05-18_00_00_4,4
2016-05-18_00_00_5,2
2016-05-18_00_00_6,0
2016-05-18_08_47_0,0
2016-05-18_08_47_1,0
2016-05-18_08_47_2,1
2016-05-18_08_47_3,0
2016-05-18_08_47_4,4
2016-05-18_08_47_5,6
2016-05-18_08_47_6,0
2016-05-18_12_00_0,0
2016-05-18_12_00_1,0
2016-05-18_12_00_2,1
2016-05-18_12_00_3,0
2016-05-18_12_00_4,4
2016-05-18_12_00_5,8
2016-05-18_12_00_6,0
2016-05-18_17_00_0,0
2016-05-18_17_00_1,0
2016-05-18_17_00_2,1
2016-05-18_17_00_3,0
2016-05-18_17_00_4,4
2016-05-18_17_00_5,8
2016-05-18_17_00_6,0
2016-05-18_21_00_0,0
2016-05-18_21_00_1,0
2016-05-18_21_00_2,1
2016-05-18_21_00_3,0
2016-05-18_21_00_4,4
2016-05-18_21_00_5,9
2016-05-18_21_00_6,0
2016-05-19_00_00_0,0
2016-05-19_00_00_1,0
2016-05-19_00_00_2,1
2016-05-19_00_00_3,0
2016-05-19_00_00_4,5
2016-05-19_00_00_5,1
2016-05-19_00_00_6,0
2016-05-19_11_22_0,0
2016-05-19_11_22_1,0
2016-05-19_11_22_2,1
2016-05-19_11_22_3,0
2016-05-19_11_22_4,5
2016-05-19_11_22_5,7
2016-05-19_11_22_6,0
2016-05-19_12_00_0,0
2016-05-19_12_00_1,0
2016-05-19_12_00_2,1
2016-05-19_12_00_3,0
2016-05-19_12_00_4,5
2016-05-19_12_00_5,7
2016-05-19_12_00_6,0
2016-05-19_17_00_0,0
2016-05-19_17_00_1,0
2016-05-19_17_00_2,1
2016-05-19_17_00_3,0
2016-05-19_17_00_4,5
2016-05-19_17_00_5,7
2016-05-19_17_00_6,0
2016-05-19_21_00_0,0
2016-05-19_21_00_1,0
2016-05-19_21_00_2,1
2016-05-19_21_00_3,0
2016-05-19_21_00_4,5
2016-05-19_21_00_5,8
2016-05-19_21_00_6,0
2016-05-20_00_00_0,0
2016-05-20_00_00_1,0
2016-05-20_00_00_2,1
2016-05-20_00_00_3,0
2016-05-20_00_00_4,5
2016-05-20_00_00_5,9
2016-05-20_00_00_6,0
2016-05-20_12_00_0,0
2016-05-20_12_00_1,0
2016-05-20_12_00_2,1
2016-05-20_12_00_3,0
2016-05-20_12_00_4,6
2016-05-20_12_00_5,6
2016-05-20_12_00_6,0
2016-05-20_17_00_0,0
2016-05-20_17_00_1,0
2016-05-20_17_00_2,1
2016-05-20_17_00_3,0
2016-05-20_17_00_4,6
2016-05-20_17_00_5,6
2016-05-20_17_00_6,0
2016-05-20_21_00_0,0
2016-05-20_21_00_1,0
2016-05-20_21_00_2,1
2016-05-20_21_00_3,0
2016-05-20_21_00_4,6
2016-05-20_21_00_5,7
2016-05-20_21_00_6,0
2016-05-21_00_00_0,0
2016-05-21_00_00_1,0
2016-05-21_00_00_2,1
2016-05-21_00_00_3,0
2016-05-21_00_00_4,6
2016-05-21_00_00_5,8
2016-05-21_00_00_6,0
2016-05-21_12_41_0,0
2016-05-21_12_41_1,0
2016-05-21_12_41_2,1
2016-05-21_12_41_3,0
2016-05-21_12_41_4,7
2016-05-21_12_41_5,3
2016-05-21_12_41_6,0
2016-05-21_17_00_0,0
2016-05-21_17_00_1,0
2016-05-21_17_00_2,1
2016-05-21_17_00_3,0
2016-05-21_17_00_4,7
2016-05-21_17_00_5,5
2016-05-21_17_00_6,0
2016-05-21_21_00_0,0
2016-05-21_21_00_1,0
2016-05-21_21_00_2,1
2016-05-21_21_00_3,0
2016-05-21_21_00_4,7
2016-05-21_21_00_5,9
2016-05-21_21_00_6,0
2016-05-22_00_00_0,0
2016-05-22_00_00_1,0
2016-05-22_00_00_2,1
2016-05-22_00_00_3,0
2016-05-22_00_00_4,8
2016-05-22_00_00_5,1
2016-05-22_00_00_6,0
2016-05-22_08_04_0,0
2016-05-22_08_04_1,0
2016-05-22_08_04_2,1
2016-05-22_08_04_3,0
2016-05-22_08_04_4,8
2016-05-22_08_04_5,9
2016-05-22_08_04_6,0
2016-05-22_12_00_0,0
2016-05-22_12_00_1,0
2016-05-22_12_00_2,1
2016-05-22_12_00_3,0
2016-05-22_12_00_4,9
2016-05-22_12_00_5,1
2016-05-22_12_00_6,0
2016-05-22_17_00_0,0
2016-05-22_17_00_1,0
2016-05-22_17_00_2,1
2016-05-22_17_00_3,0
2016-05-22_17_00_4,9
2016-05-22_17_00_5,6
2016-05-22_17_00_6,0
2016-05-22_21_00_0,0
2016-05-22_21_00_1,0
2016-05-22_21_00_2,1
2016-05-22_21_00_3,0
2016-05-22_21_00_4,9
2016-05-22_21_00_5,7
2016-05-22_21_00_6,0
2016-05-23_00_00_0,0
2016-05-23_00_00_1,0
2016-05-23_00_00_2,1
2016-05-23_00_00_3,1
2016-05-23_00_00_4,0
2016-05-23_00_00_5,0
2016-05-23_00_00_6,0
2016-05-23_08_00_0,0
2016-05-23_08_00_1,0
2016-05-23_08_00_2,1
2016-05-23_08_00_3,1
2016-05-23_08_00_4,0
2016-05-23_08_00_5,3
2016-05-23_08_00_6,0
2016-05-23_12_00_0,0
2016-05-23_12_00_1,0
2016-05-23_12_00_2,1
2016-05-23_12_00_3,1
2016-05-23_12_00_4,0
2016-05-23_12_00_5,5
2016-05-23_12_00_6,0
2016-05-23_17_00_0,0
2016-05-23_17_00_1,0
2016-05-23_17_00_2,1
2016-05-23_17_00_3,1
2016-05-23_17_00_4,0
2016-05-23_17_00_5,8
2016-05-23_17_00_6,0
2016-05-23_21_00_0,0
2016-05-23_21_00_1,0
2016-05-23_21_00_2,1
2016-05-23_21_00_3,1
2016-05-23_21_00_4,0
2016-05-23_21_00_5,8
2016-05-23_21_00_6,0
2016-05-24_00_00_0,0
2016-05-24_00_00_1,0
2016-05-24_00_00_2,1
2016-05-24_00_00_3,1
2016-05-24_00_00_4,0
2016-05-24_00_00_5,8
2016-05-24_00_00_6,0
2016-05-24_08_02_0,0
2016-05-24_08_02_1,0
2016-05-24_08_02_2,1
2016-05-24_08_02_3,1
2016-05-24_08_02_4,1
2016-05-24_08_02_5,2
2016-05-24_08_02_6,0
2016-05-24_12_00_0,0
2016-05-24_12_00_1,0
2016-05-24_12_00_2,1
2016-05-24_12_00_3,1
2016-05-24_12_00_4,1
2016-05-24_12_00_5,3
2016-05-24_12_00_6,0
2016-05-24_17_00_0,0
2016-05-24_17_00_1,0
2016-05-24_17_00_2,1
2016-05-24_17_00_3,1
2016-05-24_17_00_4,1
2016-05-24_17_00_5,3
2016-05-24_17_00_6,0
2016-05-24_21_00_0,0
2016-05-24_21_00_1,0
2016-05-24_21_00_2,1
2016-05-24_21_00_3,1
2016-05-24_21_00_4,1
2016-05-24_21_00_5,7
2016-05-24_21_00_6,0
2016-05-25_00_00_0,0
2016-05-25_00_00_1,0
2016-05-25_00_00_2,1
2016-05-25_00_00_3,1
2016-05-25_00_00_4,1
2016-05-25_00_00_5,7
2016-05-25_00_00_6,0
2016-05-25_00_28_0,0
2016-05-25_00_28_1,0
2016-05-25_00_28_2,1
2016-05-25_00_28_3,1
2016-05-25_00_28_4,1
2016-05-25_00_28_5,7
2016-05-25_00_28_6,0
2016-05-25_10_24_0,0
2016-05-25_10_24_1,0
2016-05-25_10_24_2,1
2016-05-25_10_24_3,1
2016-05-25_10_24_4,1
2016-05-25_10_24_5,8
2016-05-25_10_24_6,0
2016-05-25_11_51_0,0
2016-05-25_11_51_1,0
2016-05-25_11_51_2,1
2016-05-25_11_51_3,1
2016-05-25_11_51_4,1
2016-05-25_11_51_5,8
2016-05-25_11_51_6,0
2016-05-26_23_25_0,0
2016-05-26_23_25_1,0
2016-05-26_23_25_2,1
2016-05-26_23_25_3,1
2016-05-26_23_25_4,3
2016-05-26_23_25_5,6
2016-05-26_23_25_6,0
2016-05-27_00_36_0,0
2016-05-27_00_36_1,0
2016-05-27_00_36_2,1
2016-05-27_00_36_3,1
2016-05-27_00_36_4,3
2016-05-27_00_36_5,9
2016-05-27_00_36_6,0
2016-05-27_00_48_0,0
2016-05-27_00_48_1,0
2016-05-27_00_48_2,1
2016-05-27_00_48_3,1
2016-05-27_00_48_4,3
2016-05-27_00_48_5,9
2016-05-27_00_48_6,0
2016-05-31_18_10_0,0
2016-05-31_18_10_1,0
2016-05-31_18_10_2,1
2016-05-31_18_10_3,1
2016-05-31_18_10_4,5
2016-05-31_18_10_5,9
2016-05-31_18_10_6,0
2016-05-31_22_00_0,0
2016-05-31_22_00_1,0
2016-05-31_22_00_2,1
2016-05-31_22_00_3,1
2016-05-31_22_00_4,5
2016-05-31_22_00_5,9
2016-05-31_22_00_6,0
2016-06-01_00_33_0,0
2016-06-01_00_33_1,0
2016-06-01_00_33_2,1
2016-06-01_00_33_3,1
2016-06-01_00_33_4,6
2016-06-01_00_33_5,0
2016-06-01_00_33_6,0
2016-06-01_00_38_0,0
2016-06-01_00_38_1,0
2016-06-01_00_38_2,1
2016-06-01_00_38_3,1
2016-06-01_00_38_4,6
2016-06-01_00_38_5,0
2016-06-01_00_38_6,0
2016-06-01_01_00_0,0
2016-06-01_01_00_1,0
2016-06-01_01_00_2,1
2016-06-01_01_00_3,1
2016-06-01_01_00_4,6
2016-06-01_01_00_5,0
2016-06-01_01_00_6,0
2016-06-01_08_08_0,0
2016-06-01_08_08_1,0
2016-06-01_08_08_2,1
2016-06-01_08_08_3,1
2016-06-01_08_08_4,6
2016-06-01_08_08_5,4
2016-06-01_08_08_6,0
2016-06-01_09_00_0,0
2016-06-01_09_00_1,0
2016-06-01_09_00_2,1
2016-06-01_09_00_3,1
2016-06-01_09_00_4,6
2016-06-01_09_00_5,4
2016-06-01_09_00_6,0
2016-06-01_13_00_0,0
2016-06-01_13_00_1,0
2016-06-01_13_00_2,1
2016-06-01_13_00_3,1
2016-06-01_13_00_4,6
2016-06-01_13_00_5,5
2016-06-01_13_00_6,0
2016-06-01_17_40_0,0
2016-06-01_17_40_1,0
2016-06-01_17_40_2,1
2016-06-01_17_40_3,1
2016-06-01_17_40_4,6
2016-06-01_17_40_5,5
2016-06-01_17_40_6,0
2016-06-01_18_00_0,0
2016-06-01_18_00_1,0
2016-06-01_18_00_2,1
2016-06-01_18_00_3,1
2016-06-01_18_00_4,6
2016-06-01_18_00_5,6
2016-06-01_18_00_6,0
2016-06-01_22_00_0,0
2016-06-01_22_00_1,0
2016-06-01_22_00_2,1
2016-06-01_22_00_3,1
2016-06-01_22_00_4,6
2016-06-01_22_00_5,6
2016-06-01_22_00_6,0
2016-06-01_22_53_0,0
2016-06-01_22_53_1,0
2016-06-01_22_53_2,1
2016-06-01_22_53_3,1
2016-06-01_22_53_4,6
2016-06-01_22_53_5,7
2016-06-01_22_53_6,0
2016-06-02_01_00_0,0
2016-06-02_01_00_1,0
2016-06-02_01_00_2,1
2016-06-02_01_00_3,1
2016-06-02_01_00_4,7
2016-06-02_01_00_5,1
2016-06-02_01_00_6,0
2016-06-02_01_42_0,0
2016-06-02_01_42_1,0
2016-06-02_01_42_2,1
2016-06-02_01_42_3,1
2016-06-02_01_42_4,7
2016-06-02_01_42_5,1
2016-06-02_01_42_6,0
2016-06-02_08_29_0,0
2016-06-02_08_29_1,0
2016-06-02_08_29_2,1
2016-06-02_08_29_3,1
2016-06-02_08_29_4,7
2016-06-02_08_29_5,1
2016-06-02_08_29_6,0
2016-06-02_09_00_0,0
2016-06-02_09_00_1,0
2016-06-02_09_00_2,1
2016-06-02_09_00_3,1
2016-06-02_09_00_4,7
2016-06-02_09_00_5,3
2016-06-02_09_00_6,0
2016-06-02_09_33_0,0
2016-06-02_09_33_1,0
2016-06-02_09_33_2,1
2016-06-02_09_33_3,1
2016-06-02_09_33_4,7
2016-06-02_09_33_5,3
2016-06-02_09_33_6,0
2016-06-02_11_00_0,0
2016-06-02_11_00_1,0
2016-06-02_11_00_2,1
2016-06-02_11_00_3,1
2016-06-02_11_00_4,7
2016-06-02_11_00_5,3
2016-06-02_11_00_6,0
2016-06-02_13_00_0,0
2016-06-02_13_00_1,0
2016-06-02_13_00_2,1
2016-06-02_13_00_3,1
2016-06-02_13_00_4,7
2016-06-02_13_00_5,4
2016-06-02_13_00_6,0
2016-06-02_15_00_0,0
2016-06-02_15_00_1,0
2016-06-02_15_00_2,1
2016-06-02_15_00_3,1
2016-06-02_15_00_4,7
2016-06-02_15_00_5,5
2016-06-02_15_00_6,0
2016-06-02_18_00_0,0
2016-06-02_18_00_1,0
2016-06-02_18_00_2,1
2016-06-02_18_00_3,1
2016-06-02_18_00_4,7
2016-06-02_18_00_5,5
2016-06-02_18_00_6,0
2016-06-02_20_00_0,0
2016-06-02_20_00_1,0
2016-06-02_20_00_2,1
2016-06-02_20_00_3,1
2016-06-02_20_00_4,7
2016-06-02_20_00_5,6
2016-06-02_20_00_6,0
2016-06-02_22_00_0,0
2016-06-02_22_00_1,0
2016-06-02_22_00_2,1
2016-06-02_22_00_3,1
2016-06-02_22_00_4,7
2016-06-02_22_00_5,7
2016-06-02_22_00_6,0
2016-06-03_00_00_0,0
2016-06-03_00_00_1,0
2016-06-03_00_00_2,1
2016-06-03_00_00_3,1
2016-06-03_00_00_4,7
2016-06-03_00_00_5,7
2016-06-03_00_00_6,0
2016-06-03_01_00_0,0
2016-06-03_01_00_1,0
2016-06-03_01_00_2,1
2016-06-03_01_00_3,1
2016-06-03_01_00_4,7
2016-06-03_01_00_5,7
2016-06-03_01_00_6,0
2016-06-03_09_00_0,0
2016-06-03_09_00_1,0
2016-06-03_09_00_2,1
2016-06-03_09_00_3,1
2016-06-03_09_00_4,8
2016-06-03_09_00_5,2
2016-06-03_09_00_6,0
2016-06-03_09_51_0,0
2016-06-03_09_51_1,0
2016-06-03_09_51_2,1
2016-06-03_09_51_3,1
2016-06-03_09_51_4,8
2016-06-03_09_51_5,3
2016-06-03_09_51_6,0
2016-06-03_13_00_0,0
2016-06-03_13_00_1,0
2016-06-03_13_00_2,1
2016-06-03_13_00_3,1
2016-06-03_13_00_4,8
2016-06-03_13_00_5,3
2016-06-03_13_00_6,0
2016-06-03_15_00_0,0
2016-06-03_15_00_1,0
2016-06-03_15_00_2,1
2016-06-03_15_00_3,1
2016-06-03_15_00_4,8
2016-06-03_15_00_5,3
2016-06-03_15_00_6,0
2016-06-03_18_31_0,0
2016-06-03_18_31_1,0
2016-06-03_18_31_2,1
2016-06-03_18_31_3,1
2016-06-03_18_31_4,8
2016-06-03_18_31_5,4
2016-06-03_18_31_6,0
2016-06-03_20_00_0,0
2016-06-03_20_00_1,0
2016-06-03_20_00_2,1
2016-06-03_20_00_3,1
2016-06-03_20_00_4,8
2016-06-03_20_00_5,4
2016-06-03_20_00_6,0
2016-06-03_22_00_0,0
2016-06-03_22_00_1,0
2016-06-03_22_00_2,1
2016-06-03_22_00_3,1
2016-06-03_22_00_4,8
2016-06-03_22_00_5,4
2016-06-03_22_00_6,0
2016-06-04_00_00_0,0
2016-06-04_00_00_1,0
2016-06-04_00_00_2,1
2016-06-04_00_00_3,1
2016-06-04_00_00_4,8
2016-06-04_00_00_5,4
2016-06-04_00_00_6,0
2016-06-04_01_00_0,0
2016-06-04_01_00_1,0
2016-06-04_01_00_2,1
2016-06-04_01_00_3,1
2016-06-04_01_00_4,8
2016-06-04_01_00_5,6
2016-06-04_01_00_6,0
2016-06-04_09_00_0,0
2016-06-04_09_00_1,0
2016-06-04_09_00_2,1
2016-06-04_09_00_3,1
2016-06-04_09_00_4,8
2016-06-04_09_00_5,7
2016-06-04_09_00_6,0
2016-06-04_11_00_0,0
2016-06-04_11_00_1,0
2016-06-04_11_00_2,1
2016-06-04_11_00_3,1
2016-06-04_11_00_4,9
2016-06-04_11_00_5,1
2016-06-04_11_00_6,0
2016-06-04_13_00_0,0
2016-06-04_13_00_1,0
2016-06-04_13_00_2,1
2016-06-04_13_00_3,1
2016-06-04_13_00_4,9
2016-06-04_13_00_5,1
2016-06-04_13_00_6,0
2016-06-04_15_00_0,0
2016-06-04_15_00_1,0
2016-06-04_15_00_2,1
2016-06-04_15_00_3,1
2016-06-04_15_00_4,9
2016-06-04_15_00_5,1
2016-06-04_15_00_6,0
2016-06-04_18_00_0,0
2016-06-04_18_00_1,0
2016-06-04_18_00_2,1
2016-06-04_18_00_3,1
2016-06-04_18_00_4,9
2016-06-04_18_00_5,2
2016-06-04_18_00_6,0
2016-06-04_20_00_0,0
2016-06-04_20_00_1,0
2016-06-04_20_00_2,1
2016-06-04_20_00_3,1
2016-06-04_20_00_4,9
2016-06-04_20_00_5,3
2016-06-04_20_00_6,0
2016-06-04_22_00_0,0
2016-06-04_22_00_1,0
2016-06-04_22_00_2,1
2016-06-04_22_00_3,1
2016-06-04_22_00_4,9
2016-06-04_22_00_5,3
2016-06-04_22_00_6,0
2016-06-05_00_00_0,0
2016-06-05_00_00_1,0
2016-06-05_00_00_2,1
2016-06-05_00_00_3,1
2016-06-05_00_00_4,9
2016-06-05_00_00_5,3
2016-06-05_00_00_6,0
2016-06-05_01_00_0,0
2016-06-05_01_00_1,0
2016-06-05_01_00_2,1
2016-06-05_01_00_3,1
2016-06-05_01_00_4,9
2016-06-05_01_00_5,3
2016-06-05_01_00_6,0
2016-06-05_11_00_0,0
2016-06-05_11_00_1,0
2016-06-05_11_00_2,1
2016-06-05_11_00_3,1
2016-06-05_11_00_4,9
2016-06-05_11_00_5,6
2016-06-05_11_00_6,0
2016-06-05_13_00_0,0
2016-06-05_13_00_1,0
2016-06-05_13_00_2,1
2016-06-05_13_00_3,2
2016-06-05_13_00_4,1
2016-06-05_13_00_5,6
2016-06-05_13_00_6,0
2016-06-05_18_16_0,0
2016-06-05_18_16_1,0
2016-06-05_18_16_2,1
2016-06-05_18_16_3,2
2016-06-05_18_16_4,1
2016-06-05_18_16_5,0
2016-06-05_18_16_6,0
2016-06-05_20_00_0,0
2016-06-05_20_00_1,0
2016-06-05_20_00_2,1
2016-06-05_20_00_3,2
2016-06-05_20_00_4,1
2016-06-05_20_00_5,2
2016-06-05_20_00_6,0
2016-06-05_22_00_0,0
2016-06-05_22_00_1,0
2016-06-05_22_00_2,1
2016-06-05_22_00_3,2
2016-06-05_22_00_4,1
2016-06-05_22_00_5,2
2016-06-05_22_00_6,0
2016-06-06_00_00_0,0
2016-06-06_00_00_1,0
2016-06-06_00_00_2,1
2016-06-06_00_00_3,2
2016-06-06_00_00_4,1
2016-06-06_00_00_5,4
2016-06-06_00_00_6,0
2016-06-06_01_00_0,0
2016-06-06_01_00_1,0
2016-06-06_01_00_2,1
2016-06-06_01_00_3,2
2016-06-06_01_00_4,1
2016-06-06_01_00_5,4
2016-06-06_01_00_6,0
2016-06-06_09_47_0,0
2016-06-06_09_47_1,0
2016-06-06_09_47_2,1
2016-06-06_09_47_3,2
2016-06-06_09_47_4,1
2016-06-06_09_47_5,8
2016-06-06_09_47_6,0
2016-06-06_10_00_0,0
2016-06-06_10_00_1,0
2016-06-06_10_00_2,1
2016-06-06_10_00_3,2
2016-06-06_10_00_4,1
2016-06-06_10_00_5,9
2016-06-06_10_00_6,0
2016-06-06_12_00_0,0
2016-06-06_12_00_1,0
2016-06-06_12_00_2,1
2016-06-06_12_00_3,2
2016-06-06_12_00_4,1
2016-06-06_12_00_5,9
2016-06-06_12_00_6,0
2016-06-06_14_00_0,0
2016-06-06_14_00_1,0
2016-06-06_14_00_2,1
2016-06-06_14_00_3,2
2016-06-06_14_00_4,2
2016-06-06_14_00_5,2
2016-06-06_14_00_6,0
2016-06-06_17_00_0,0
2016-06-06_17_00_1,0
2016-06-06_17_00_2,1
2016-06-06_17_00_3,2
2016-06-06_17_00_4,2
2016-06-06_17_00_5,2
2016-06-06_17_00_6,0
2016-06-06_19_00_0,0
2016-06-06_19_00_1,0
2016-06-06_19_00_2,1
2016-06-06_19_00_3,2
2016-06-06_19_00_4,2
2016-06-06_19_00_5,2
2016-06-06_19_00_6,0
2016-06-06_21_00_0,0
2016-06-06_21_00_1,0
2016-06-06_21_00_2,1
2016-06-06_21_00_3,2
2016-06-06_21_00_4,2
2016-06-06_21_00_5,5
2016-06-06_21_00_6,0
2016-06-07_00_00_0,0
2016-06-07_00_00_1,0
2016-06-07_00_00_2,1
2016-06-07_00_00_3,2
2016-06-07_00_00_4,2
2016-06-07_00_00_5,6
2016-06-07_00_00_6,0
2016-06-07_09_06_0,0
2016-06-07_09_06_1,0
2016-06-07_09_06_2,1
2016-06-07_09_06_3,2
2016-06-07_09_06_4,2
2016-06-07_09_06_5,9
2016-06-07_09_06_6,0
2016-06-07_10_00_0,0
2016-06-07_10_00_1,0
2016-06-07_10_00_2,1
2016-06-07_10_00_3,2
2016-06-07_10_00_4,3
2016-06-07_10_00_5,0
2016-06-07_10_00_6,0
2016-06-07_12_00_0,0
2016-06-07_12_00_1,0
2016-06-07_12_00_2,1
2016-06-07_12_00_3,2
2016-06-07_12_00_4,3
2016-06-07_12_00_5,2
2016-06-07_12_00_6,0
2016-06-07_14_00_0,0
2016-06-07_14_00_1,0
2016-06-07_14_00_2,1
2016-06-07_14_00_3,2
2016-06-07_14_00_4,3
2016-06-07_14_00_5,2
2016-06-07_14_00_6,0
2016-06-07_17_00_0,0
2016-06-07_17_00_1,0
2016-06-07_17_00_2,1
2016-06-07_17_00_3,2
2016-06-07_17_00_4,3
2016-06-07_17_00_5,3
2016-06-07_17_00_6,0
2016-06-07_19_00_0,0
2016-06-07_19_00_1,0
2016-06-07_19_00_2,1
2016-06-07_19_00_3,2
2016-06-07_19_00_4,3
2016-06-07_19_00_5,3
2016-06-07_19_00_6,0
2016-06-07_21_00_0,0
2016-06-07_21_00_1,0
2016-06-07_21_00_2,1
2016-06-07_21_00_3,2
2016-06-07_21_00_4,3
2016-06-07_21_00_5,4
2016-06-07_21_00_6,0
2016-06-07_23_13_0,0
2016-06-07_23_13_1,0
2016-06-07_23_13_2,1
2016-06-07_23_13_3,2
2016-06-07_23_13_4,3
2016-06-07_23_13_5,5
2016-06-07_23_13_6,0
2016-06-08_00_00_0,0
2016-06-08_00_00_1,0
2016-06-08_00_00_2,1
2016-06-08_00_00_3,2
2016-06-08_00_00_4,3
2016-06-08_00_00_5,5
2016-06-08_00_00_6,0
2016-06-08_08_36_0,0
2016-06-08_08_36_1,0
2016-06-08_08_36_2,1
2016-06-08_08_36_3,2
2016-06-08_08_36_4,3
2016-06-08_08_36_5,8
2016-06-08_08_36_6,0
2016-06-08_09_41_0,0
2016-06-08_09_41_1,0
2016-06-08_09_41_2,1
2016-06-08_09_41_3,2
2016-06-08_09_41_4,3
2016-06-08_09_41_5,8
2016-06-08_09_41_6,0
2016-06-08_10_00_0,0
2016-06-08_10_00_1,0
2016-06-08_10_00_2,1
2016-06-08_10_00_3,2
2016-06-08_10_00_4,3
2016-06-08_10_00_5,8
2016-06-08_10_00_6,0
2016-06-08_12_00_0,0
2016-06-08_12_00_1,0
2016-06-08_12_00_2,1
2016-06-08_12_00_3,2
2016-06-08_12_00_4,3
2016-06-08_12_00_5,8
2016-06-08_12_00_6,0
2016-06-08_12_45_0,0
2016-06-08_12_45_1,0
2016-06-08_12_45_2,1
2016-06-08_12_45_3,2
2016-06-08_12_45_4,4
2016-06-08_12_45_5,4
2016-06-08_12_45_6,0
2016-06-08_14_00_0,0
2016-06-08_14_00_1,0
2016-06-08_14_00_2,1
2016-06-08_14_00_3,2
2016-06-08_14_00_4,4
2016-06-08_14_00_5,6
2016-06-08_14_00_6,0
2016-06-08_17_00_0,0
2016-06-08_17_00_1,0
2016-06-08_17_00_2,1
2016-06-08_17_00_3,2
2016-06-08_17_00_4,4
2016-06-08_17_00_5,8
2016-06-08_17_00_6,0
2016-06-08_19_00_0,0
2016-06-08_19_00_1,0
2016-06-08_19_00_2,1
2016-06-08_19_00_3,2
2016-06-08_19_00_4,4
2016-06-08_19_00_5,8
2016-06-08_19_00_6,0
2016-06-08_21_00_0,0
2016-06-08_21_00_1,0
2016-06-08_21_00_2,1
2016-06-08_21_00_3,2
2016-06-08_21_00_4,4
2016-06-08_21_00_5,9
2016-06-08_21_00_6,0
2016-06-08_23_00_0,0
2016-06-08_23_00_1,0
2016-06-08_23_00_2,1
2016-06-08_23_00_3,2
2016-06-08_23_00_4,5
2016-06-08_23_00_5,0
2016-06-08_23_00_6,0
2016-06-09_00_00_0,0
2016-06-09_00_00_1,0
2016-06-09_00_00_2,1
2016-06-09_00_00_3,2
2016-06-09_00_00_4,5
2016-06-09_00_00_5,1
2016-06-09_00_00_6,0
2016-06-09_03_19_0,0
2016-06-09_03_19_1,0
2016-06-09_03_19_2,1
2016-06-09_03_19_3,2
2016-06-09_03_19_4,5
2016-06-09_03_19_5,3
2016-06-09_03_19_6,0
2016-06-09_09_28_0,0
2016-06-09_09_28_1,0
2016-06-09_09_28_2,1
2016-06-09_09_28_3,2
2016-06-09_09_28_4,5
2016-06-09_09_28_5,3
2016-06-09_09_28_6,0
2016-06-09_10_00_0,0
2016-06-09_10_00_1,0
2016-06-09_10_00_2,1
2016-06-09_10_00_3,2
2016-06-09_10_00_4,5
2016-06-09_10_00_5,3
2016-06-09_10_00_6,0
2016-06-09_12_00_0,0
2016-06-09_12_00_1,0
2016-06-09_12_00_2,1
2016-06-09_12_00_3,2
2016-06-09_12_00_4,5
2016-06-09_12_00_5,4
2016-06-09_12_00_6,0
2016-06-09_14_00_0,0
2016-06-09_14_00_1,0
2016-06-09_14_00_2,1
2016-06-09_14_00_3,2
2016-06-09_14_00_4,5
2016-06-09_14_00_5,5
2016-06-09_14_00_6,0
2016-06-09_17_00_0,0
2016-06-09_17_00_1,0
2016-06-09_17_00_2,1
2016-06-09_17_00_3,2
2016-06-09_17_00_4,5
2016-06-09_17_00_5,6
2016-06-09_17_00_6,0
2016-06-09_19_00_0,0
2016-06-09_19_00_1,0
2016-06-09_19_00_2,1
2016-06-09_19_00_3,2
2016-06-09_19_00_4,5
2016-06-09_19_00_5,8
2016-06-09_19_00_6,0
2016-06-09_21_00_0,0
2016-06-09_21_00_1,0
2016-06-09_21_00_2,1
2016-06-09_21_00_3,2
2016-06-09_21_00_4,5
2016-06-09_21_00_5,8
2016-06-09_21_00_6,0
2016-06-09_22_19_0,0
2016-06-09_22_19_1,0
2016-06-09_22_19_2,1
2016-06-09_22_19_3,2
2016-06-09_22_19_4,5
2016-06-09_22_19_5,9
2016-06-09_22_19_6,0
